{
  "feature_scaler": {
    "mean": [
      8.895256916996047,
      17.400197628458496,
      25.84288537549407,
      34.70652173913044,
      43.059288537549406,
      51.534584980237156,
      8.896245059288537,
      17.402173913043477,
      25.83399209486166,
      34.69268774703557,
      43.027667984189726,
      51.51778656126482,
      8.890316205533598,
      17.39426877470356,
      25.824110671936758,
      34.69565217391305,
      43.02173913043478,
      51.515810276679844,
      8.887351778656127,
      17.373517786561266,
      25.804347826086957,
      34.68675889328063,
      43.02272727272727,
      51.523715415019765,
      8.876482213438734,
      17.386363636363637,
      25.81225296442688,
      34.69960474308301,
      43.015810276679844,
      51.52173913043478,
      8.848814229249012,
      17.371541501976285,
      25.796442687747035,
      34.68577075098814,
      43.00790513833992,
      51.51778656126482,
      8.82411067193676,
      17.34683794466403,
      25.770750988142293,
      34.65909090909091,
      43.00395256916996,
      51.51383399209486,
      8.799407114624506,
      17.317193675889328,
      25.740118577075098,
      34.64920948616601,
      42.99308300395257,
      51.5098814229249,
      8.795454545454545,
      17.33399209486166,
      25.759881422924902,
      34.66600790513834,
      43.01778656126482,
      51.52173913043478,
      8.798418972332016,
      17.35573122529644,
      25.768774703557312,
      34.66798418972332,
      43.015810276679844,
      51.526679841897234,
      5.220355731225297,
      1.4624505928853755,
      3.5029644268774702,
      182.90316205533597,
      1.5019762845849802
    ],
    "scale": [
      7.0219093346997905,
      9.15052645197504,
      9.99120259148094,
      9.883703047209421,
      8.974736318351631,
      6.934745929905698,
      7.021009249435388,
      9.14763167353039,
      10.003957254157994,
      9.897270049670022,
      8.996004014983075,
      6.94932816170801,
      7.025140138898304,
      9.154886314839823,
      10.01464795268462,
      9.8954146001199,
      9.000632484315634,
      6.949475129864535,
      7.02614809255711,
      9.150088569339573,
      10.012307686396781,
      9.894687687640198,
      9.001014285880874,
      6.952295866564122,
      7.028285615452143,
      9.154467786428043,
      10.011669478872674,
      9.890541247468871,
      8.997570326164842,
      6.952160193981222,
      7.004083265382736,
      9.144551737374897,
      9.997137297444134,
      9.87191063892193,
      8.987911114627249,
      6.949043770903884,
      6.987615505603828,
      9.127947565597642,
      9.991439726859364,
      9.877780109165034,
      8.986154490074682,
      6.9499059000732,
      6.971021301675089,
      9.106266618614251,
      9.992222824876698,
      9.875433115412415,
      8.978286916201341,
      6.946783967838703,
      6.9709064440068325,
      9.113963935008362,
      9.996671935614932,
      9.873463790647842,
      8.974143789842469,
      6.949316921185667,
      6.968653520422893,
      9.105982090955584,
      10.007995483485317,
      9.875331719437073,
      8.973046322839949,
      6.950010638109178,
      2.8179023734861417,
      1.1200530772156803,
      1.4999970707215633,
      104.73709090549194,
      1.1189157157195644
    ]
  },
  "target_scaler": {
    "data_min": [
      1.0,
      2.0,
      3.0,
      4.0,
      8.0,
      15.0
    ],
    "data_max": [
      43.0,
      49.0,
      52.0,
      57.0,
      58.0,
      59.0
    ],
    "data_range": [
      42.0,
      47.0,
      49.0,
      53.0,
      50.0,
      44.0
    ],
    "scale": [
      0.023809523809523808,
      0.02127659574468085,
      0.02040816326530612,
      0.018867924528301886,
      0.02,
      0.022727272727272728
    ],
    "min_": [
      -0.023809523809523808,
      -0.0425531914893617,
      -0.061224489795918366,
      -0.07547169811320754,
      -0.16,
      -0.34090909090909094
    ]
  },
  "model_config": {
    "lookback_window": 10,
    "input_features": 65,
    "output_features": 6,
    "past_results_features": 60,
    "date_features": 5
  },
  "base_year": 2015
}